dateComponents,activeEnergyBurned,activeEnergyBurnedGoal,activeEnergyBurnedUnit,appleExerciseTime,appleExerciseTimeGoal,appleStandHours,appleStandHoursGoal
1969-12-30,0,0,"Cal","0","30",0,12
1969-12-31,0,0,"Cal","0","30",0,12
2017-11-21,0,0,"Cal","0","30",0,12
2017-11-22,0,0,"Cal","0","30",0,12
2017-11-27,0,0,"Cal","0","30",0,12
2017-11-28,0,0,"Cal","0","30",0,12
2018-03-03,0,0,"Cal","0","30",0,12
2018-03-04,878.196,1080,"Cal","92","30",9,12
2018-03-05,1043.84,1080,"Cal","91","30",7,12
2018-03-06,963.853,1080,"Cal","71","30",6,12
2018-03-07,804.331,1080,"Cal","101","30",8,12
2018-03-08,868.525,1080,"Cal","72","30",4,12
2018-03-09,741.92,1080,"Cal","67","30",10,12
2018-03-10,1252.5,1080,"Cal","106","30",13,12
2018-03-11,753.662,1080,"Cal","77","30",11,12
2018-03-13,0,1080,"Cal","0","30",0,12
2018-03-14,728.351,1080,"Cal","72","30",8,12
2018-03-15,0,1080,"Cal","0","30",0,12
2018-03-16,675.957,1080,"Cal","74","30",10,12
2018-03-17,944.94,1080,"Cal","84","30",16,12
2018-03-18,1078.92,1080,"Cal","138","30",13,12
2018-03-19,1116.78,1080,"Cal","98","30",6,12
2018-03-20,671.698,1080,"Cal","56","30",6,12
2018-03-21,1031.61,1080,"Cal","88","30",6,12
2018-03-22,367.226,1080,"Cal","54","30",4,12
2018-03-23,454.266,1080,"Cal","46","30",6,12
2018-03-24,1359.71,1080,"Cal","109","30",15,12
2018-03-25,691.385,1080,"Cal","87","30",10,12
2018-03-26,631.485,1080,"Cal","57","30",7,12
2018-03-27,802.987,1080,"Cal","83","30",8,12
2018-03-28,718.629,1080,"Cal","59","30",6,12
2018-03-29,866.708,1080,"Cal","75","30",10,12
2018-03-30,986.756,1080,"Cal","92","30",14,12
2018-03-31,1390.51,1080,"Cal","162","30",16,12
2018-04-01,927.697,1080,"Cal","67","30",9,12
2018-04-02,532.894,1080,"Cal","43","30",7,12
2018-04-03,868.148,1080,"Cal","83","30",9,12
2018-04-04,630.79,1080,"Cal","73","30",8,12
2018-04-05,1273.65,1080,"Cal","120","30",11,12
2018-04-06,507.457,1080,"Cal","53","30",10,12
2018-04-07,856.854,1080,"Cal","80","30",13,12
2018-04-08,870.117,1080,"Cal","117","30",9,12
2018-04-09,1146.5,1080,"Cal","100","30",8,12
2018-04-10,968.548,1080,"Cal","89","30",12,12
2018-04-11,0,1080,"Cal","0","30",0,12
2018-04-12,834.491,1080,"Cal","91","30",12,12
2018-04-13,664.941,1080,"Cal","52","30",12,12
2018-04-14,930.954,1080,"Cal","100","30",13,12
2018-04-15,798.379,1080,"Cal","75","30",12,12
2018-04-16,1054.27,1080,"Cal","84","30",11,12
2018-04-17,723,1080,"Cal","55","30",9,12
2018-04-18,971.769,1080,"Cal","74","30",6,12
2018-04-19,255.361,1080,"Cal","20","30",4,12
2018-04-20,335.484,1080,"Cal","38","30",8,12
2018-04-21,601.267,1080,"Cal","67","30",14,12
2018-04-22,831.412,1080,"Cal","96","30",14,12
2018-04-23,211.885,1080,"Cal","15","30",6,12
2018-04-25,645.645,1080,"Cal","57","30",11,12
2018-04-26,694.313,1080,"Cal","71","30",11,12
2018-04-27,509.512,1080,"Cal","40","30",15,12
2018-04-28,1170.74,1080,"Cal","137","30",14,12
2018-04-29,654.574,1080,"Cal","60","30",10,12
2018-04-30,837.615,1080,"Cal","57","30",14,12
2018-05-01,207.438,1080,"Cal","15","30",6,12
2018-05-02,644.433,1080,"Cal","67","30",9,12
2018-05-03,783.561,1080,"Cal","69","30",9,12
2018-05-04,763.644,1080,"Cal","84","30",12,12
2018-05-05,629.027,1080,"Cal","63","30",12,12
2018-05-06,118.333,1080,"Cal","6","30",4,12
2018-05-07,595.516,1080,"Cal","54","30",8,12
2018-05-08,420.112,1080,"Cal","46","30",8,12
2018-05-09,279.697,1080,"Cal","8","30",9,12
2018-05-10,1100.75,1080,"Cal","101","30",12,12
2018-05-11,658.839,1080,"Cal","61","30",11,12
2018-05-12,977.574,1080,"Cal","103","30",11,12
2018-05-13,212.684,1080,"Cal","10","30",10,12
2018-05-14,787.024,1080,"Cal","77","30",12,12
2018-05-15,713.769,1080,"Cal","63","30",11,12
2018-05-16,756.053,1080,"Cal","83","30",14,12
2018-05-17,824.709,1080,"Cal","89","30",8,12
2018-05-18,820.512,1080,"Cal","75","30",12,12
2018-05-19,432.272,1080,"Cal","32","30",9,12
2018-05-20,372.173,1080,"Cal","31","30",9,12
2018-05-21,875.325,970,"Cal","82","30",11,12
2018-05-22,1277.16,970,"Cal","126","30",8,12
2018-05-23,341.985,970,"Cal","46","30",5,12
2018-05-24,986.261,970,"Cal","106","30",11,12
2018-05-25,418.958,970,"Cal","37","30",10,12
2018-05-26,1112.23,970,"Cal","127","30",14,12
2018-05-27,325.032,970,"Cal","21","30",9,12
2018-05-28,437.716,970,"Cal","43","30",8,12
2018-05-29,507.971,970,"Cal","60","30",13,12
2018-05-30,398.277,970,"Cal","53","30",8,12
2018-05-31,514.233,970,"Cal","26","30",9,12
2018-06-01,519.064,970,"Cal","15","30",15,12
2018-06-02,942.026,970,"Cal","84","30",11,12
2018-06-03,805.959,970,"Cal","83","30",11,12
2018-06-04,664.474,970,"Cal","54","30",10,12
2018-06-05,765.833,970,"Cal","58","30",11,12
2018-06-06,1069.12,970,"Cal","83","30",9,12
2018-06-07,164.175,970,"Cal","6","30",5,12
2018-06-08,1144.02,970,"Cal","73","30",13,12
2018-06-09,1111.78,970,"Cal","146","30",14,12
2018-06-10,0,970,"Cal","0","30",0,12
2018-06-11,751.943,970,"Cal","59","30",11,12
2018-06-12,513.153,970,"Cal","61","30",8,12
2018-06-13,1126.1,970,"Cal","77","30",12,12
2018-06-15,0,970,"Cal","0","30",0,12
2018-06-16,1168.67,970,"Cal","79","30",13,12
2018-06-17,1.206,970,"Cal","0","30",0,12
2018-06-18,979.166,970,"Cal","68","30",12,12
2018-06-19,1.751,970,"Cal","1","30",0,12
2018-06-20,602.456,970,"Cal","46","30",9,12
2018-06-21,780.827,970,"Cal","59","30",10,12
2018-06-22,1182.31,970,"Cal","102","30",9,12
2018-06-23,879.265,970,"Cal","88","30",14,12
2018-06-24,109.821,970,"Cal","12","30",1,12
2018-06-25,1009.36,970,"Cal","75","30",8,12
2018-06-26,711.856,970,"Cal","75","30",10,12
2018-06-27,131.454,970,"Cal","2","30",4,12
2018-06-28,0,970,"Cal","0","30",0,12
2018-06-29,98.847,970,"Cal","0","30",4,12
2018-06-30,282.454,970,"Cal","21","30",10,12
2018-07-01,220.564,970,"Cal","2","30",7,12
2018-07-02,206.992,970,"Cal","21","30",5,12
2018-07-03,152.153,970,"Cal","1","30",8,12
2018-07-04,263.322,970,"Cal","9","30",8,12
2018-07-05,100.882,970,"Cal","2","30",3,12
2018-07-06,131.478,970,"Cal","1","30",7,12
2018-07-07,676.832,970,"Cal","69","30",12,12
2018-07-08,954.807,970,"Cal","131","30",13,12
2018-07-09,520.721,970,"Cal","42","30",14,12
2018-07-10,483.168,970,"Cal","56","30",7,12
2018-07-11,665.105,970,"Cal","51","30",9,12
2018-07-12,498.11,970,"Cal","53","30",9,12
2018-07-13,296.035,970,"Cal","6","30",13,12
2018-07-14,784.22,970,"Cal","78","30",12,12
2018-07-15,531.027,970,"Cal","54","30",7,12
2018-07-16,908.884,970,"Cal","101","30",11,12
2018-07-17,162.765,970,"Cal","5","30",5,12
2018-07-18,515.188,970,"Cal","36","30",11,12
2018-07-19,484.805,970,"Cal","57","30",10,12
2018-07-20,699.435,970,"Cal","63","30",10,12
2018-07-21,588.446,970,"Cal","45","30",14,12
2018-07-22,0,970,"Cal","0","30",0,12
2018-07-23,445.601,970,"Cal","47","30",8,12
2018-07-24,523.88,970,"Cal","32","30",15,12
2018-07-25,501.986,970,"Cal","34","30",11,12
2018-07-26,634.61,970,"Cal","49","30",13,12
2018-07-27,0,970,"Cal","0","30",0,12
2018-07-28,846.29,970,"Cal","78","30",14,12
2018-07-29,793.499,970,"Cal","98","30",10,12
2018-07-30,377.671,970,"Cal","26","30",12,12
2018-07-31,645.129,970,"Cal","54","30",10,12
2018-08-01,556.292,970,"Cal","45","30",14,12
2018-08-02,474.883,970,"Cal","47","30",8,12
2018-08-03,69.263,970,"Cal","1","30",4,12
2018-08-04,1008.88,970,"Cal","86","30",12,12
2018-08-05,551.888,970,"Cal","55","30",8,12
2018-08-06,820.967,970,"Cal","63","30",14,12
2018-08-07,770.704,970,"Cal","75","30",10,12
2018-08-08,670.638,970,"Cal","52","30",9,12
2018-08-09,349.518,970,"Cal","12","30",9,12
2018-08-10,739.84,970,"Cal","48","30",10,12
2018-08-11,1008.47,970,"Cal","90","30",15,12
2018-08-12,466.701,970,"Cal","31","30",8,12
2018-08-13,704.547,970,"Cal","42","30",14,12
2018-08-14,820.223,970,"Cal","75","30",8,12
2018-08-15,663.768,970,"Cal","44","30",11,12
2018-08-16,1151.27,970,"Cal","110","30",9,12
2018-08-17,1073.11,970,"Cal","98","30",10,12
2018-08-18,597.312,970,"Cal","37","30",7,12
2018-08-19,750.873,970,"Cal","69","30",11,12
2018-08-20,699.316,970,"Cal","49","30",12,12
2018-08-21,729.845,970,"Cal","65","30",14,12
2018-08-22,829.57,970,"Cal","58","30",14,12
2018-08-23,843.627,970,"Cal","83","30",9,12
2018-08-24,541.756,970,"Cal","39","30",10,12
2018-08-25,574.863,970,"Cal","44","30",12,12
2018-08-26,0,970,"Cal","0","30",0,12
2018-08-27,990.081,970,"Cal","73","30",10,12
2018-08-28,804.383,970,"Cal","65","30",8,12
2018-08-29,627.788,970,"Cal","46","30",12,12
2018-08-30,1917.43,970,"Cal","185","30",12,12
2018-08-31,1366.37,970,"Cal","146","30",10,12
2018-09-01,1824.26,970,"Cal","212","30",9,12
2018-09-02,1214.93,970,"Cal","155","30",9,12
2018-09-03,213.275,970,"Cal","5","30",8,12
2018-09-04,466.552,970,"Cal","13","30",12,12
2018-09-05,558.647,970,"Cal","40","30",12,12
2018-09-06,1316.12,970,"Cal","145","30",9,12
2018-09-07,927.863,970,"Cal","89","30",9,12
2018-09-08,1922.41,970,"Cal","194","30",12,12
2018-09-09,1265.27,970,"Cal","165","30",8,12
2018-09-10,989.406,970,"Cal","75","30",14,12
2018-09-11,1011.33,970,"Cal","102","30",11,12
2018-09-12,1235.08,970,"Cal","119","30",6,12
2018-09-13,1046.84,970,"Cal","131","30",10,12
2018-09-14,1326.79,970,"Cal","133","30",12,12
2018-09-15,1317.32,970,"Cal","139","30",13,12
2018-09-16,309.367,970,"Cal","13","30",8,12
2018-09-17,721.656,970,"Cal","53","30",13,12
2018-09-18,1620.71,970,"Cal","150","30",11,12
2018-09-19,1205.97,970,"Cal","126","30",8,12
2018-09-20,698.428,970,"Cal","36","30",14,12
2018-09-21,1065.85,970,"Cal","104","30",11,12
2018-09-22,1801.98,970,"Cal","158","30",15,12
2018-09-23,760.469,970,"Cal","90","30",11,12
2018-09-24,874.517,970,"Cal","62","30",12,12
2018-09-25,1402.97,970,"Cal","145","30",10,12
2018-09-26,780.46,970,"Cal","73","30",12,12
2018-09-27,1222.77,970,"Cal","112","30",8,12
2018-09-28,485.673,970,"Cal","50","30",5,12
2018-09-29,1678.33,970,"Cal","192","30",16,12
2018-09-30,1224.05,970,"Cal","123","30",10,12
2018-10-01,821.712,970,"Cal","68","30",9,12
2018-10-02,852.505,970,"Cal","92","30",5,12
2018-10-03,693.32,970,"Cal","55","30",10,12
2018-10-04,393.704,970,"Cal","14","30",8,12
2018-10-05,193.45,970,"Cal","2","30",7,12
2018-10-06,1300.05,970,"Cal","114","30",12,12
2018-10-07,1407.1,970,"Cal","150","30",7,12
2018-10-08,1110.62,970,"Cal","108","30",7,12
2018-10-09,1815.48,970,"Cal","172","30",10,12
2018-10-10,716.775,970,"Cal","51","30",12,12
2018-10-11,1608.12,970,"Cal","153","30",11,12
2018-10-12,1549.57,970,"Cal","158","30",11,12
2018-10-13,927.096,970,"Cal","52","30",17,12
2018-10-14,275.438,970,"Cal","20","30",5,12
2018-10-15,1406.35,970,"Cal","118","30",9,12
2018-10-16,1619.37,970,"Cal","136","30",14,12
2018-10-17,1197.66,970,"Cal","102","30",12,12
2018-10-18,1630.12,970,"Cal","117","30",12,12
2018-10-19,1429.44,970,"Cal","161","30",11,12
2018-10-20,1689.07,970,"Cal","134","30",15,12
2018-10-21,124.236,970,"Cal","11","30",2,12
2018-10-22,1163.28,970,"Cal","104","30",11,12
2018-10-23,1653.12,970,"Cal","143","30",9,12
2018-10-24,940.05,970,"Cal","65","30",12,12
2018-10-25,1637.17,970,"Cal","139","30",13,12
2018-10-26,209.162,970,"Cal","3","30",7,12
2018-10-27,498.604,970,"Cal","43","30",10,12
2018-10-28,2.959,970,"Cal","0","30",1,12
2018-10-29,1574.11,970,"Cal","148","30",8,12
2018-10-30,1887.38,970,"Cal","165","30",11,12
2018-10-31,1565.53,970,"Cal","155","30",10,12
2018-11-01,1380.94,970,"Cal","115","30",11,12
2018-11-02,823.273,970,"Cal","74","30",7,12
2018-11-03,1560.06,970,"Cal","138","30",15,12
2018-11-04,0,970,"Cal","0","30",0,12
2018-11-05,1642.56,970,"Cal","149","30",11,12
2018-11-06,165.565,970,"Cal","1","30",7,12
2018-11-07,1646.74,970,"Cal","117","30",13,12
2018-11-08,1408.94,970,"Cal","119","30",10,12
2018-11-09,1250.41,970,"Cal","130","30",12,12
2018-11-10,1418.6,970,"Cal","140","30",8,12
2018-11-11,130.569,970,"Cal","3","30",6,12
2018-11-12,1274.53,970,"Cal","123","30",10,12
2018-11-13,1642.41,970,"Cal","143","30",11,12
2018-11-14,1407.08,970,"Cal","130","30",8,12
2018-11-15,1784.23,970,"Cal","179","30",11,12
2018-11-16,1158.52,970,"Cal","119","30",7,12
2018-11-17,1600.64,970,"Cal","152","30",12,12
2018-11-18,216.515,970,"Cal","7","30",4,12
2018-11-19,1183.65,970,"Cal","95","30",7,12
2018-11-20,1348.64,970,"Cal","132","30",12,12
2018-11-21,1625.95,970,"Cal","176","30",12,12
2018-11-22,177.392,970,"Cal","5","30",6,12
2018-11-23,782.08,970,"Cal","68","30",9,12
2018-11-24,1227.98,970,"Cal","115","30",7,12
2018-11-25,176.338,970,"Cal","2","30",7,12
2018-11-26,1612.89,970,"Cal","145","30",9,12
2018-11-27,210.334,970,"Cal","2","30",9,12
2018-11-28,1476.8,970,"Cal","131","30",10,12
2018-11-29,1262.14,970,"Cal","138","30",7,12
2018-11-30,109.431,970,"Cal","2","30",4,12
2018-12-01,1576.76,970,"Cal","144","30",7,12
2018-12-03,0.073,970,"Cal","0","30",0,12
2018-12-04,225.947,970,"Cal","5","30",8,12
2018-12-05,1477.91,970,"Cal","146","30",11,12
2018-12-06,1635.25,970,"Cal","162","30",11,12
2018-12-07,1553.81,970,"Cal","143","30",11,12
2018-12-08,209.481,970,"Cal","22","30",3,12
2018-12-09,846.633,970,"Cal","75","30",10,12
2018-12-10,1081.77,970,"Cal","96","30",11,12
2018-12-11,1699.87,970,"Cal","158","30",5,12
2018-12-12,312.857,970,"Cal","8","30",5,12
2018-12-13,603.03,970,"Cal","24","30",14,12
2018-12-14,405.245,970,"Cal","9","30",7,12
2018-12-15,862.851,970,"Cal","79","30",9,12
2018-12-16,1508.83,970,"Cal","125","30",9,12
2018-12-17,1289.98,970,"Cal","122","30",16,12
2018-12-18,1797.6,970,"Cal","161","30",12,12
2018-12-19,1415.35,970,"Cal","135","30",13,12
2018-12-20,1228.7,970,"Cal","109","30",12,12
2018-12-21,1374.56,970,"Cal","138","30",13,12
2018-12-22,275.497,970,"Cal","4","30",12,12
2018-12-23,1645.32,970,"Cal","141","30",9,12
2018-12-24,206.75,970,"Cal","2","30",8,12
2018-12-25,160.251,970,"Cal","5","30",6,12
2018-12-26,1177.16,970,"Cal","118","30",9,12
2018-12-27,1617.39,970,"Cal","142","30",12,12
2018-12-28,505.924,970,"Cal","20","30",10,12
2018-12-29,553.471,970,"Cal","30","30",7,12
2018-12-30,1178.52,970,"Cal","106","30",12,12
2018-12-31,720.756,970,"Cal","68","30",5,12
2019-01-01,1834.69,970,"Cal","176","30",8,12
2019-01-02,1438.16,970,"Cal","127","30",10,12
2019-01-03,919.917,970,"Cal","83","30",11,12
2019-01-04,124.479,970,"Cal","10","30",5,12
2019-01-05,1317.99,970,"Cal","105","30",11,12
2019-01-06,998.466,970,"Cal","85","30",7,12
2019-01-07,1081.93,970,"Cal","89","30",14,12
2019-01-08,1308.51,970,"Cal","113","30",13,12
2019-01-09,1291.01,970,"Cal","124","30",13,12
2019-01-10,1317.67,970,"Cal","121","30",13,12
2019-01-11,943.626,970,"Cal","59","30",17,12
2019-01-12,1128.84,970,"Cal","90","30",14,12
2019-01-13,265.325,970,"Cal","16","30",5,12
2019-01-14,1525.09,970,"Cal","140","30",11,12
2019-01-15,1477.92,970,"Cal","127","30",13,12
2019-01-16,1085,970,"Cal","100","30",12,12
2019-01-17,1057.18,970,"Cal","89","30",14,12
2019-01-18,1585.63,970,"Cal","128","30",12,12
2019-01-19,0,970,"Cal","0","30",0,12
2019-01-20,877.497,970,"Cal","94","30",11,12
2019-01-21,1455.04,970,"Cal","123","30",12,12
2019-01-22,1346.53,970,"Cal","146","30",13,12
2019-01-23,1263.13,970,"Cal","115","30",13,12
2019-01-24,904.477,970,"Cal","73","30",11,12
2019-01-25,180.04,970,"Cal","1","30",7,12
2019-01-26,79.443,970,"Cal","1","30",3,12
2019-01-27,1147.36,970,"Cal","98","30",9,12
2019-01-28,1464.09,970,"Cal","117","30",15,12
2019-01-29,1583.76,970,"Cal","144","30",13,12
2019-01-30,1297.27,970,"Cal","101","30",12,12
2019-01-31,1148.48,970,"Cal","112","30",12,12
2019-02-01,445.891,970,"Cal","19","30",10,12
2019-02-02,2207.89,970,"Cal","220","30",12,12
2019-02-03,50.752,970,"Cal","1","30",2,12
2019-02-04,1481.97,970,"Cal","130","30",12,12
2019-02-05,1322.4,970,"Cal","140","30",14,12
2019-02-06,1181.29,970,"Cal","102","30",12,12
2019-02-07,1259.11,970,"Cal","129","30",11,12
2019-02-08,332.568,970,"Cal","14","30",8,12
2019-02-09,1275.54,970,"Cal","104","30",9,12
2019-02-10,1369.65,970,"Cal","86","30",10,12
2019-02-11,1562.35,970,"Cal","135","30",13,12
2019-02-12,1380.35,970,"Cal","140","30",12,12
2019-02-13,1098.02,970,"Cal","84","30",11,12
2019-02-14,347.833,970,"Cal","14","30",10,12
2019-02-15,1124.06,970,"Cal","107","30",9,12
2019-02-16,1282.34,970,"Cal","93","30",12,12
2019-02-17,798.524,970,"Cal","83","30",7,12
2019-02-18,1481.58,970,"Cal","130","30",11,12
2019-02-19,1020.47,970,"Cal","102","30",13,12
2019-02-20,1136.33,970,"Cal","106","30",10,12
2019-02-21,1152.84,970,"Cal","113","30",8,12
2019-02-22,295.482,970,"Cal","8","30",10,12
2019-02-23,1689.35,970,"Cal","144","30",10,12
2019-02-24,1165.59,970,"Cal","103","30",9,12
2019-02-25,178.903,970,"Cal","1","30",6,12
2019-02-26,1545.01,970,"Cal","121","30",12,12
2019-02-27,1631.99,970,"Cal","162","30",13,12
2019-02-28,1169.23,970,"Cal","114","30",7,12
2019-03-01,913.283,970,"Cal","100","30",8,12
2019-03-02,165.25,970,"Cal","5","30",6,12
2019-03-03,76.966,970,"Cal","1","30",3,12
2019-03-04,1259.58,970,"Cal","112","30",11,12
2019-03-05,1352.07,970,"Cal","122","30",14,12
2019-03-06,1447.56,970,"Cal","104","30",9,12
2019-03-07,346.663,970,"Cal","17","30",10,12
2019-03-08,1631.79,970,"Cal","126","30",16,12
2019-03-09,200.927,970,"Cal","1","30",5,12
2019-03-10,1711.64,970,"Cal","149","30",9,12
2019-03-11,1232.22,970,"Cal","124","30",9,12
2019-03-12,324.109,970,"Cal","13","30",8,12
2019-03-13,1243.84,970,"Cal","122","30",12,12
2019-03-14,1692.31,970,"Cal","146","30",11,12
2019-03-15,1208.54,970,"Cal","136","30",12,12
2019-03-16,1248.97,970,"Cal","122","30",10,12
2019-03-17,1240.77,970,"Cal","121","30",10,12
2019-03-18,1499.12,970,"Cal","129","30",9,12
2019-03-19,1201.68,970,"Cal","116","30",12,12
2019-03-20,1310.39,970,"Cal","122","30",12,12
2019-03-21,1213.53,970,"Cal","107","30",9,12
2019-03-22,366.095,970,"Cal","24","30",11,12
2019-03-23,1258.33,970,"Cal","127","30",10,12
2019-03-24,1292.89,970,"Cal","147","30",10,12
2019-03-25,1687.1,970,"Cal","139","30",11,12
2019-03-26,1532.41,970,"Cal","143","30",10,12
2019-03-27,162.473,970,"Cal","3","30",9,12
2019-03-28,1136.75,970,"Cal","117","30",10,12
2019-03-29,1320.02,970,"Cal","105","30",11,12
2019-03-30,232.702,970,"Cal","5","30",8,12
2019-03-31,1355.69,970,"Cal","145","30",11,12
2019-04-01,1005.61,970,"Cal","102","30",10,12
2019-04-02,1292.21,970,"Cal","151","30",11,12
2019-04-03,1395.9,970,"Cal","138","30",10,12
2019-04-04,824.395,970,"Cal","78","30",8,12
2019-04-05,367.045,970,"Cal","14","30",10,12
2019-04-06,67.782,970,"Cal","2","30",4,12
2019-04-07,24.007,970,"Cal","1","30",2,12
2019-04-08,141.356,970,"Cal","1","30",6,12
2019-04-09,1109.34,970,"Cal","109","30",10,12
2019-04-10,1664.83,970,"Cal","189","30",12,12
2019-04-11,1425.71,970,"Cal","150","30",9,12
2019-04-12,347.766,970,"Cal","12","30",12,12
2019-04-13,962.043,970,"Cal","113","30",6,12
2019-04-14,2161.24,970,"Cal","194","30",9,12
2019-04-15,1252.1,970,"Cal","139","30",12,12
2019-04-16,1682.9,970,"Cal","164","30",14,12
2019-04-17,989.249,970,"Cal","91","30",13,12
2019-04-18,1023.54,970,"Cal","106","30",13,12
2019-04-19,332.725,970,"Cal","10","30",11,12
2019-04-20,1218.72,970,"Cal","99","30",7,12
2019-04-21,908.166,970,"Cal","88","30",8,12
2019-04-22,1531.88,970,"Cal","140","30",13,12
2019-04-23,1688.93,970,"Cal","167","30",13,12
2019-04-24,497.264,970,"Cal","17","30",13,12
2019-04-25,1344.95,970,"Cal","130","30",8,12
2019-04-26,448.462,970,"Cal","30","30",12,12
2019-04-27,1328.25,970,"Cal","130","30",8,12
2019-04-28,1656.43,970,"Cal","141","30",10,12
2019-04-29,1542.13,970,"Cal","155","30",13,12
2019-04-30,2002.97,970,"Cal","178","30",14,12
2019-05-01,1417.4,970,"Cal","143","30",12,12
2019-05-02,1097.24,970,"Cal","102","30",11,12
2019-05-03,1266.43,970,"Cal","132","30",11,12
2019-05-04,26.417,970,"Cal","0","30",1,12
2019-05-05,2094.7,970,"Cal","202","30",9,12
2019-05-06,1042.79,970,"Cal","114","30",7,12
2019-05-07,1552.02,970,"Cal","149","30",11,12
2019-05-08,1484.2,970,"Cal","141","30",4,12
2019-05-09,996.772,970,"Cal","91","30",12,12
2019-05-10,407.666,970,"Cal","20","30",9,12
2019-05-11,440.46,970,"Cal","0","30",8,12
2019-05-12,1348.8,970,"Cal","100","30",10,12
2019-05-13,1180.86,970,"Cal","138","30",5,12
2019-05-14,2114.77,970,"Cal","194","30",19,12
2019-05-15,1241.25,970,"Cal","105","30",5,12
2019-05-16,1422.79,970,"Cal","140","30",9,12
2019-05-17,1495.56,970,"Cal","150","30",16,12
2019-05-18,390.147,970,"Cal","16","30",8,12
2019-05-19,1706.98,970,"Cal","147","30",8,12
2019-05-20,1053.09,970,"Cal","100","30",9,12
2019-05-21,1413.3,970,"Cal","143","30",12,12
2019-05-22,1531.99,970,"Cal","147","30",10,12
2019-05-23,1206.02,970,"Cal","108","30",11,12
2019-05-24,254.832,970,"Cal","8","30",8,12
2019-05-25,980.793,970,"Cal","85","30",7,12
2019-05-26,291.881,970,"Cal","17","30",8,12
2019-05-27,1550.88,970,"Cal","142","30",10,12
2019-05-28,1762.38,970,"Cal","180","30",10,12
2019-05-29,2004.62,970,"Cal","147","30",11,12
2019-05-30,1379.28,970,"Cal","138","30",8,12
2019-05-31,1248.69,970,"Cal","137","30",8,12
2019-06-01,1592.17,970,"Cal","159","30",8,12
2019-06-02,657.306,970,"Cal","65","30",9,12
2019-06-03,1435.19,970,"Cal","118","30",11,12
2019-06-04,1301.8,970,"Cal","136","30",14,12
2019-06-05,1578.03,970,"Cal","107","30",10,12
2019-06-06,1101.38,970,"Cal","99","30",12,12
2019-06-07,1352.34,970,"Cal","120","30",12,12
2019-06-08,338.723,970,"Cal","7","30",9,12
2019-06-09,377.044,970,"Cal","12","30",8,12
2019-06-10,1834.13,970,"Cal","181","30",9,12
2019-06-11,2153.32,970,"Cal","203","30",12,12
2019-06-12,1430.82,970,"Cal","162","30",9,12
2019-06-13,971.476,970,"Cal","114","30",12,12
2019-06-14,833.116,970,"Cal","91","30",9,12
2019-06-15,127.658,970,"Cal","1","30",4,12
2019-06-16,1417.23,970,"Cal","134","30",5,12
2019-06-17,999.635,970,"Cal","93","30",8,12
2019-06-18,1370.2,970,"Cal","132","30",11,12
2019-06-19,1339.54,970,"Cal","140","30",13,12
2019-06-20,431.469,970,"Cal","13","30",13,12
2019-06-21,528.73,970,"Cal","35","30",13,12
2019-06-22,0,970,"Cal","0","30",0,12
2019-06-23,1397.06,970,"Cal","117","30",9,12
2019-06-24,1380.3,970,"Cal","115","30",12,12
2019-06-25,1300.56,970,"Cal","139","30",12,12
2019-06-26,1457.13,970,"Cal","130","30",11,12
2019-06-27,406.223,970,"Cal","19","30",12,12
2019-06-28,1243.6,970,"Cal","103","30",15,12
2019-06-29,2728.26,970,"Cal","155","30",14,12
2019-06-30,1407.42,970,"Cal","110","30",7,12
2019-07-01,1826.3,970,"Cal","162","30",14,12
2019-07-02,1840.6,970,"Cal","139","30",15,12
2019-07-03,326.406,970,"Cal","19","30",9,12
2019-07-04,58.879,970,"Cal","2","30",4,12
2019-07-05,2312.31,970,"Cal","187","30",11,12
2019-07-06,2327.39,970,"Cal","159","30",12,12
2019-07-07,171.969,970,"Cal","2","30",8,12
2019-07-08,369.668,970,"Cal","17","30",10,12
2019-07-09,1145.75,970,"Cal","95","30",12,12
2019-07-10,1492.47,970,"Cal","125","30",11,12
2019-07-11,1217.91,970,"Cal","104","30",12,12
2019-07-12,1373.06,970,"Cal","123","30",19,12
2019-07-13,116.28,970,"Cal","2","30",4,12
2019-07-14,1517.03,970,"Cal","166","30",9,12
2019-07-15,1421.48,970,"Cal","146","30",13,12
2019-07-16,1416.31,970,"Cal","139","30",12,12
2019-07-17,1458.01,970,"Cal","127","30",12,12
2019-07-18,1070.39,970,"Cal","104","30",14,12
2019-07-19,773.373,970,"Cal","40","30",16,12
2019-07-20,905.66,970,"Cal","93","30",9,12
2019-07-21,1050.99,970,"Cal","98","30",7,12
2019-07-22,1656.29,970,"Cal","148","30",14,12
2019-07-23,1351.18,970,"Cal","134","30",12,12
2019-07-24,290.699,970,"Cal","20","30",11,12
2019-07-25,1340.51,970,"Cal","142","30",13,12
2019-07-26,1355.83,970,"Cal","116","30",15,12
2019-07-27,1380.39,970,"Cal","145","30",12,12
2019-07-28,1279.98,970,"Cal","119","30",11,12
2019-07-29,1377.79,970,"Cal","132","30",13,12
2019-07-30,1651.96,970,"Cal","150","30",10,12
2019-07-31,1140.13,970,"Cal","101","30",13,12
2019-08-01,1375.73,970,"Cal","124","30",11,12
2019-08-02,1237.71,970,"Cal","124","30",11,12
2019-08-03,1312.73,970,"Cal","143","30",8,12
2019-08-04,1153.18,970,"Cal","128","30",12,12
2019-08-05,1194.55,970,"Cal","117","30",13,12
2019-08-06,1273.71,970,"Cal","122","30",12,12
2019-08-07,1148.04,970,"Cal","135","30",7,12
2019-08-08,1040.18,970,"Cal","98","30",7,12
2019-08-09,1298.74,970,"Cal","123","30",14,12
2019-08-10,781.054,970,"Cal","79","30",9,12
2019-08-11,821.033,970,"Cal","75","30",8,12
2019-08-12,1137.99,970,"Cal","129","30",7,12
2019-08-13,1455.96,970,"Cal","141","30",10,12
2019-08-14,1453.67,970,"Cal","141","30",9,12
2019-08-15,1028.81,970,"Cal","102","30",8,12
2019-08-16,245.373,970,"Cal","11","30",7,12
2019-08-17,1065.76,970,"Cal","93","30",10,12
2019-08-18,1206.72,970,"Cal","131","30",8,12
2019-08-19,1651.24,970,"Cal","164","30",11,12
2019-08-20,1133.69,970,"Cal","110","30",8,12
2019-08-21,1460.44,970,"Cal","138","30",11,12
2019-08-22,1248.5,970,"Cal","124","30",7,12
2019-08-23,1424.92,970,"Cal","122","30",17,12
2019-08-24,858.148,970,"Cal","85","30",9,12
2019-08-25,1392.16,970,"Cal","140","30",8,12
2019-08-26,126.801,970,"Cal","2","30",7,12
2019-08-27,1245.73,970,"Cal","98","30",13,12
2019-08-28,1119.13,970,"Cal","107","30",8,12
2019-08-29,182.499,970,"Cal","3","30",6,12
2019-08-30,1073.62,970,"Cal","96","30",8,12
2019-08-31,89.639,970,"Cal","1","30",5,12
2019-09-02,0,970,"Cal","0","30",0,12
2019-09-03,1002.32,970,"Cal","99","30",7,12
2019-09-04,1702.17,970,"Cal","153","30",11,12
2019-09-05,123.047,970,"Cal","4","30",4,12
2019-09-06,739.664,970,"Cal","50","30",13,12
2019-09-07,878.472,970,"Cal","97","30",8,12
2019-09-08,1053.6,970,"Cal","107","30",8,12
2019-09-09,120.297,970,"Cal","0","30",2,12
2019-09-10,1337.96,970,"Cal","137","30",7,12
2019-09-11,83.386,970,"Cal","2","30",4,12
2019-09-12,1323.49,970,"Cal","126","30",13,12
2019-09-13,807.625,970,"Cal","82","30",8,12
2019-09-14,176.191,970,"Cal","10","30",7,12
2019-09-15,1462.67,970,"Cal","127","30",9,12
2019-09-16,1457.17,970,"Cal","157","30",12,12
2019-09-17,1310.58,970,"Cal","131","30",12,12
2019-09-18,949.622,970,"Cal","83","30",9,12
2019-09-19,1379.97,970,"Cal","133","30",8,12
2019-09-20,282.283,970,"Cal","7","30",10,12
2019-09-21,951.716,970,"Cal","103","30",10,12
2019-09-22,1206.55,970,"Cal","110","30",9,12
2019-09-23,1176.96,970,"Cal","105","30",9,12
2019-09-24,1650.19,970,"Cal","165","30",10,12
2019-09-25,279.143,970,"Cal","19","30",9,12
2019-09-26,1399.53,970,"Cal","134","30",10,12
2019-09-27,332.238,970,"Cal","10","30",8,12
2019-09-28,1258.98,970,"Cal","133","30",9,12
2019-09-29,1421.75,970,"Cal","129","30",11,12
2019-09-30,1363.28,970,"Cal","141","30",8,12
2019-10-01,1110.67,970,"Cal","126","30",9,12
2019-10-02,1249.6,970,"Cal","121","30",7,12
2019-10-03,798.483,970,"Cal","69","30",11,12
2019-10-04,321.331,970,"Cal","15","30",10,12
2019-10-05,1012.11,970,"Cal","121","30",7,12
2019-10-06,927.07,970,"Cal","96","30",7,12
2019-10-07,1200.38,970,"Cal","124","30",13,12
2019-10-08,1298.08,970,"Cal","122","30",11,12
2019-10-09,1186.16,970,"Cal","121","30",9,12
2019-10-10,1111.16,970,"Cal","101","30",11,12
2019-10-11,1215.29,970,"Cal","109","30",12,12
2019-10-12,283.415,970,"Cal","18","30",10,12
2019-10-13,53.313,970,"Cal","1","30",3,12
2019-10-14,206.306,970,"Cal","1","30",9,12
2019-10-15,1195.91,970,"Cal","136","30",9,12
2019-10-16,1289.55,970,"Cal","125","30",10,12
2019-10-17,1226.93,970,"Cal","116","30",10,12
2019-10-18,319.81,970,"Cal","11","30",10,12
2019-10-19,404.065,970,"Cal","32","30",9,12
2019-10-20,99.089,970,"Cal","2","30",4,12
2019-10-21,1505.79,970,"Cal","141","30",11,12
2019-10-22,1334.65,970,"Cal","145","30",10,12
2019-10-23,1369.61,970,"Cal","132","30",12,12
2019-10-24,243.19,970,"Cal","7","30",11,12
2019-10-25,1131.23,970,"Cal","92","30",13,12
2019-10-26,947.958,970,"Cal","106","30",8,12
2019-10-27,1018.24,970,"Cal","112","30",9,12
2019-10-28,1081.81,970,"Cal","127","30",12,12
2019-10-29,1500.84,970,"Cal","143","30",13,12
2019-10-30,1221.62,970,"Cal","119","30",12,12
2019-10-31,1048.68,970,"Cal","108","30",8,12
2019-11-01,267.808,970,"Cal","5","30",8,12
2019-11-02,839.237,970,"Cal","77","30",9,12
2019-11-03,1065.6,970,"Cal","103","30",9,12
2019-11-04,1239.39,970,"Cal","124","30",13,12
2019-11-05,1227.22,970,"Cal","124","30",13,12
2019-11-06,1531.61,970,"Cal","167","30",13,12
2019-11-07,924.247,970,"Cal","100","30",10,12
2019-11-08,344.29,970,"Cal","8","30",10,12
2019-11-09,811.191,970,"Cal","70","30",10,12
2019-11-10,201.332,970,"Cal","7","30",7,12
2019-11-11,1266.52,970,"Cal","145","30",10,12
2019-11-12,1109.64,970,"Cal","93","30",14,12
2019-11-13,290.014,970,"Cal","4","30",7,12
2019-11-14,445.733,970,"Cal","29","30",9,12
2019-11-15,1301.56,970,"Cal","117","30",10,12
2019-11-16,1095.46,970,"Cal","125","30",9,12
2019-11-17,223.569,970,"Cal","3","30",12,12
2019-11-18,1065.24,970,"Cal","115","30",11,12
2019-11-19,1037.31,970,"Cal","99","30",12,12
2019-11-20,821.586,970,"Cal","69","30",10,12
2019-11-21,182.187,970,"Cal","5","30",6,12
2019-11-22,1297.44,970,"Cal","125","30",12,12
2019-11-23,230.467,970,"Cal","15","30",8,12
2019-11-24,1343.43,970,"Cal","80","30",12,12
2019-11-25,1049.5,970,"Cal","108","30",8,12
2019-11-26,1087.31,970,"Cal","106","30",11,12
2019-11-27,1134.08,970,"Cal","114","30",6,12
2019-11-28,74.404,970,"Cal","2","30",5,12
2019-11-29,1123.98,970,"Cal","112","30",11,12
2020-01-01,0,970,"Cal","0","30",0,12
2020-01-02,15.835,970,"Cal","0","30",1,12
2020-01-03,1007.41,970,"Cal","106","30",9,12
2020-01-04,1169.84,970,"Cal","119","30",9,12
2020-01-05,1037.07,970,"Cal","113","30",8,12
2020-01-06,1099.79,970,"Cal","121","30",11,12
2020-01-07,1261.4,970,"Cal","130","30",9,12
2020-01-08,1025.58,970,"Cal","92","30",10,12
2020-01-09,1096.44,970,"Cal","98","30",11,12
2020-01-10,426.555,970,"Cal","13","30",14,12
2020-01-11,1094.51,970,"Cal","145","30",6,12
2020-01-12,379.439,970,"Cal","31","30",9,12
2020-01-13,1261.68,970,"Cal","126","30",11,12
2020-01-14,1318.77,970,"Cal","140","30",9,12
2020-01-15,1090.16,970,"Cal","124","30",13,12
2020-01-16,1115.01,970,"Cal","99","30",10,12
2020-01-17,1075.42,970,"Cal","85","30",14,12
2020-01-18,113.826,970,"Cal","2","30",8,12
2020-01-19,1509.77,970,"Cal","123","30",9,12
2020-01-20,810.329,970,"Cal","94","30",8,12
2020-01-21,1312.7,970,"Cal","137","30",11,12
2020-01-22,1598.62,970,"Cal","143","30",7,12
2020-01-23,230.693,970,"Cal","3","30",7,12
2020-01-24,1145.56,970,"Cal","89","30",12,12
2020-01-25,1366.55,970,"Cal","113","30",9,12
2020-01-26,175.324,970,"Cal","2","30",8,12
2020-01-27,1219.95,970,"Cal","108","30",10,12
2020-01-28,1319.26,970,"Cal","137","30",12,12
2020-01-29,1309.3,970,"Cal","123","30",6,12
2020-01-30,992.909,970,"Cal","101","30",10,12
2020-01-31,376.418,970,"Cal","9","30",10,12
2020-02-01,74.188,970,"Cal","1","30",5,12
2020-02-02,1104.82,970,"Cal","105","30",6,12
2020-02-03,1508.12,970,"Cal","142","30",10,12
2020-02-04,1432.7,970,"Cal","132","30",8,12
2020-02-05,923.042,970,"Cal","88","30",9,12
2020-02-06,254.789,970,"Cal","7","30",8,12
2020-02-07,863.899,970,"Cal","77","30",10,12
2020-02-08,1021.03,970,"Cal","112","30",7,12
2020-02-09,813.166,970,"Cal","84","30",8,12
2020-02-10,1214.36,970,"Cal","108","30",11,12
2020-02-11,994.744,970,"Cal","99","30",11,12
2020-02-12,997.168,970,"Cal","82","30",9,12
2020-02-13,1219.72,970,"Cal","127","30",9,12
2020-02-14,891.991,970,"Cal","81","30",11,12
2020-02-15,1205.63,970,"Cal","99","30",7,12
2020-02-16,1050.6,970,"Cal","104","30",9,12
2020-02-17,1087.73,970,"Cal","111","30",8,12
2020-02-18,1027.5,970,"Cal","95","30",11,12
2020-02-19,1116.17,970,"Cal","97","30",11,12
2020-02-20,263.482,970,"Cal","8","30",10,12
2020-02-21,1067.07,970,"Cal","92","30",12,12
2020-02-22,183.216,970,"Cal","4","30",4,12
2020-02-23,1416.94,970,"Cal","130","30",8,12
2020-02-24,1073.92,970,"Cal","116","30",10,12
2020-02-25,1237.28,970,"Cal","110","30",13,12
2020-02-26,975.594,970,"Cal","95","30",9,12
2020-02-27,1117.41,970,"Cal","99","30",8,12
2020-02-28,954.904,970,"Cal","71","30",12,12
2020-02-29,1371.27,970,"Cal","125","30",8,12
2020-03-01,265.935,970,"Cal","8","30",11,12
2020-03-02,1127.24,970,"Cal","106","30",11,12
2020-03-03,1256.41,970,"Cal","126","30",14,12
2020-03-04,1003.45,970,"Cal","93","30",10,12
2020-03-05,845.528,970,"Cal","68","30",8,12
2020-03-06,950.869,970,"Cal","87","30",15,12
2020-03-07,1.432,970,"Cal","0","30",0,12
2020-03-08,136.56,970,"Cal","0","30",6,12
2020-03-09,709.935,970,"Cal","57","30",7,12
2020-03-10,1221,970,"Cal","116","30",8,12
2020-03-11,1122.19,970,"Cal","103","30",10,12
2020-03-12,751.352,970,"Cal","80","30",9,12
2020-03-13,200.505,970,"Cal","5","30",7,12
2020-03-14,1268.9,970,"Cal","101","30",9,12
2020-03-15,1145.18,970,"Cal","116","30",12,12
2020-03-16,179.513,970,"Cal","4","30",4,12
2020-03-17,228.075,970,"Cal","1","30",10,12
2020-03-18,168.646,970,"Cal","0","30",8,12
2020-03-19,135.301,970,"Cal","3","30",6,12
2020-03-20,158.679,970,"Cal","0","30",5,12
2020-03-25,195.477,970,"Cal","12","30",9,12
2020-03-26,112.247,970,"Cal","4","30",4,12
2020-03-27,129.234,970,"Cal","2","30",9,12
2020-03-28,156.311,970,"Cal","1","30",7,12
2020-03-29,909.15,970,"Cal","65","30",9,12
2020-03-30,242.183,970,"Cal","10","30",7,12
2020-03-31,206.722,970,"Cal","3","30",9,12
2020-04-01,257.393,970,"Cal","9","30",10,12
2020-04-02,196.625,970,"Cal","1","30",5,12
2020-04-03,242.327,970,"Cal","2","30",8,12
2020-04-04,146.07,970,"Cal","0","30",6,12
2020-04-05,196.958,970,"Cal","3","30",7,12
2020-04-06,178.927,970,"Cal","1","30",7,12
2020-04-07,152.505,970,"Cal","0","30",6,12
2020-04-08,1618.97,970,"Cal","139","30",9,12
2020-04-09,442.392,970,"Cal","32","30",10,12
2020-04-10,149.536,970,"Cal","0","30",6,12
2020-04-11,228.924,970,"Cal","5","30",8,12
2020-04-12,1290.54,970,"Cal","111","30",3,12
2020-04-13,217.595,970,"Cal","3","30",8,12
2020-04-14,151.929,970,"Cal","1","30",3,12
2020-04-15,269.321,970,"Cal","2","30",9,12
2020-04-16,192.312,970,"Cal","6","30",6,12
2020-04-17,176.615,970,"Cal","1","30",8,12
2020-04-18,185.395,970,"Cal","2","30",10,12
2020-04-19,1372.79,970,"Cal","107","30",6,12
2020-04-20,781.844,970,"Cal","67","30",9,12
2020-04-21,138.376,970,"Cal","1","30",5,12
2020-04-22,215.943,970,"Cal","8","30",4,12
2020-04-23,185.98,970,"Cal","1","30",7,12
2020-04-24,198.006,970,"Cal","1","30",5,12
2020-04-25,1036.26,970,"Cal","65","30",8,12
2020-04-26,404.345,970,"Cal","27","30",5,12
2020-04-27,192.627,970,"Cal","0","30",3,12
2020-04-28,189.094,970,"Cal","0","30",3,12
2020-04-29,791.209,970,"Cal","56","30",6,12
2020-04-30,164.708,970,"Cal","0","30",4,12
2020-05-01,1540.54,970,"Cal","125","30",7,12
2020-05-02,857.601,970,"Cal","90","30",4,12
2020-05-03,137.586,970,"Cal","5","30",5,12
2020-05-04,0.013,970,"Cal","0","30",0,12
2020-05-05,166.272,970,"Cal","1","30",6,12
2020-05-06,190.176,970,"Cal","4","30",3,12
2020-05-07,1502.13,970,"Cal","108","30",10,12
2020-05-08,743.467,970,"Cal","58","30",7,12
2020-05-09,198.504,970,"Cal","2","30",6,12
2020-05-10,1645.66,970,"Cal","112","30",9,12
2020-05-11,483.035,970,"Cal","20","30",11,12
2020-05-12,835.571,970,"Cal","17","30",8,12
2020-05-13,641.433,970,"Cal","20","30",6,12
2020-05-14,648.112,970,"Cal","52","30",7,12
2020-05-15,1551.85,970,"Cal","114","30",12,12
2020-05-16,881.404,970,"Cal","91","30",8,12
2020-05-17,122.685,970,"Cal","6","30",4,12
2020-05-18,1331,970,"Cal","100","30",8,12
2020-05-19,225.318,970,"Cal","6","30",9,12
2020-05-20,159.104,970,"Cal","1","30",5,12
2020-05-21,158.45,970,"Cal","2","30",6,12
2020-05-22,642.711,970,"Cal","56","30",6,12
2020-05-23,1165.72,970,"Cal","80","30",8,12
2020-05-24,286.502,970,"Cal","17","30",4,12
2020-05-25,127.373,970,"Cal","2","30",7,12
2020-05-26,966.499,970,"Cal","61","30",8,12
2020-05-27,348.931,970,"Cal","25","30",6,12
2020-05-28,156.828,970,"Cal","2","30",7,12
2020-05-29,1028.36,970,"Cal","77","30",6,12
2020-05-30,530.041,970,"Cal","38","30",9,12
2020-05-31,1652.19,970,"Cal","126","30",8,12
2020-06-01,418.229,970,"Cal","41","30",5,12
2020-06-02,1316.22,970,"Cal","115","30",8,12
2020-06-03,191.502,970,"Cal","5","30",7,12
2020-06-04,360.006,970,"Cal","6","30",9,12
2020-06-05,845.566,970,"Cal","57","30",8,12
2020-06-06,930.995,970,"Cal","82","30",6,12
2020-06-07,360.156,970,"Cal","34","30",5,12
2020-06-08,1444.87,970,"Cal","130","30",6,12
2020-06-09,1045.31,970,"Cal","98","30",9,12
2020-06-10,177.313,970,"Cal","2","30",8,12
2020-06-11,1269.9,970,"Cal","105","30",10,12
2020-06-12,246.149,970,"Cal","4","30",7,12
2020-06-13,1087.68,970,"Cal","86","30",8,12
2020-06-14,737.947,970,"Cal","65","30",3,12
2020-06-15,319.02,970,"Cal","7","30",8,12
2020-06-16,187.958,970,"Cal","0","30",7,12
2020-06-17,265.88,970,"Cal","4","30",10,12
2020-06-18,939.473,970,"Cal","74","30",9,12
2020-06-19,1316.54,970,"Cal","69","30",13,12
2020-06-20,820.571,970,"Cal","72","30",6,12
2020-06-21,152.65,970,"Cal","0","30",4,12
2020-06-22,1457.53,970,"Cal","119","30",9,12
2020-06-23,972.916,970,"Cal","84","30",8,12
2020-06-24,771.646,970,"Cal","27","30",8,12
2020-06-25,440.221,970,"Cal","25","30",8,12
2020-06-26,1057.52,970,"Cal","93","30",7,12
2020-06-27,879.146,970,"Cal","74","30",5,12
2020-06-28,432.248,970,"Cal","39","30",7,12
2020-06-29,220.306,970,"Cal","7","30",7,12
2020-06-30,808.563,970,"Cal","63","30",8,12
2020-07-01,181.195,970,"Cal","0","30",5,12
2020-07-02,987.204,970,"Cal","75","30",5,12
2020-07-03,1190.1,970,"Cal","44","30",12,12
2020-07-04,430.767,970,"Cal","35","30",6,12
2020-07-05,976.542,970,"Cal","65","30",5,12
2020-07-06,238.43,970,"Cal","9","30",5,12
2020-07-07,529.966,970,"Cal","29","30",6,12
2020-07-08,702.051,970,"Cal","62","30",6,12
2020-07-09,984.738,970,"Cal","86","30",9,12
2020-07-10,1163,970,"Cal","95","30",7,12
2020-07-11,622.62,970,"Cal","57","30",10,12
2020-07-12,197.247,970,"Cal","7","30",7,12
2020-07-13,802.02,970,"Cal","64","30",12,12
2020-07-14,974.602,970,"Cal","67","30",9,12
2020-07-15,706.445,970,"Cal","63","30",9,12
2020-07-16,487.686,970,"Cal","36","30",10,12
2020-07-17,996.474,970,"Cal","63","30",7,12
2020-07-18,593.984,970,"Cal","62","30",9,12
2020-07-19,937.31,970,"Cal","93","30",8,12
2020-07-20,189.466,970,"Cal","6","30",7,12
2020-07-21,213.225,970,"Cal","5","30",7,12
2020-07-22,233.848,970,"Cal","8","30",7,12
2020-07-23,226.933,970,"Cal","0","30",6,12
2020-07-24,246.714,970,"Cal","11","30",8,12
2020-07-25,1152.21,970,"Cal","100","30",8,12
2020-07-26,176.221,970,"Cal","3","30",8,12
2020-07-27,646.447,970,"Cal","45","30",11,12
2020-07-28,185.491,970,"Cal","7","30",7,12
2020-07-29,1326.81,970,"Cal","113","30",12,12
2020-07-30,598.14,970,"Cal","52","30",8,12
2020-07-31,1362.93,970,"Cal","108","30",6,12
2020-08-01,851.38,970,"Cal","83","30",9,12
2020-08-02,928.734,970,"Cal","93","30",9,12
2020-08-03,173.949,970,"Cal","2","30",7,12
2020-08-04,1369.11,970,"Cal","112","30",7,12
2020-08-05,939.923,970,"Cal","95","30",6,12
2020-08-06,1055.03,970,"Cal","91","30",12,12
2020-08-07,1930.71,970,"Cal","161","30",10,12
2020-08-08,762.238,970,"Cal","79","30",10,12
2020-08-09,1054.75,970,"Cal","88","30",9,12
2020-08-10,242.658,970,"Cal","5","30",6,12
2020-08-11,1723.24,970,"Cal","139","30",9,12
2020-08-12,158.679,970,"Cal","1","30",3,12
2020-08-13,611.088,970,"Cal","54","30",9,12
2020-08-14,1221.12,970,"Cal","139","30",11,12
2020-08-15,800.13,970,"Cal","81","30",9,12
2020-08-16,939.871,970,"Cal","88","30",11,12
2020-08-17,1018.72,970,"Cal","81","30",10,12
2020-08-18,513.334,970,"Cal","55","30",11,12
2020-08-19,1836.68,970,"Cal","201","30",14,12
2020-08-20,861.616,970,"Cal","93","30",10,12
2020-08-21,280.072,970,"Cal","7","30",10,12
2020-08-22,2251.46,970,"Cal","205","30",10,12
2020-08-23,1625.98,970,"Cal","157","30",11,12
2020-08-24,870.633,970,"Cal","80","30",7,12
2020-08-25,871.132,970,"Cal","100","30",13,12
2020-08-26,1081.2,970,"Cal","91","30",12,12
2020-08-27,1199.35,970,"Cal","129","30",11,12
2020-08-28,261.196,970,"Cal","8","30",11,12
2020-08-29,785.062,970,"Cal","75","30",9,12
2020-08-30,944.972,970,"Cal","102","30",7,12
2020-08-31,789.963,970,"Cal","79","30",9,12
2020-09-01,1018.11,970,"Cal","101","30",7,12
2020-09-02,1446.04,970,"Cal","140","30",9,12
2020-09-03,159.694,970,"Cal","0","30",8,12
2020-09-04,482.932,970,"Cal","46","30",9,12
2020-09-05,87.917,970,"Cal","2","30",3,12
2020-09-06,37.503,970,"Cal","3","30",1,12
2020-09-07,983.281,970,"Cal","110","30",9,12
2020-09-08,75.866,970,"Cal","1","30",6,12
2020-09-09,1087.02,970,"Cal","100","30",5,12
2020-09-10,799.337,970,"Cal","73","30",6,12
2020-09-11,124.586,970,"Cal","1","30",6,12
2020-09-12,845.026,970,"Cal","84","30",6,12
2020-09-13,1218.22,970,"Cal","97","30",6,12
2020-09-14,1105.46,970,"Cal","109","30",9,12
2020-09-15,949.672,970,"Cal","97","30",9,12
2020-09-16,946.191,970,"Cal","88","30",6,12
2020-09-17,210.649,970,"Cal","8","30",7,12
2020-09-18,739.532,970,"Cal","62","30",7,12
2020-09-19,781.958,970,"Cal","59","30",7,12
2020-09-20,131.406,970,"Cal","0","30",5,12
2020-09-21,673.537,970,"Cal","52","30",8,12
2020-09-22,1134.71,970,"Cal","115","30",10,12
2020-09-23,95.861,970,"Cal","6","30",2,12
2020-09-24,973.183,970,"Cal","97","30",6,12
2020-09-25,208.684,970,"Cal","12","30",8,12
2020-09-26,1154.1,970,"Cal","121","30",8,12
2020-09-27,1684.68,970,"Cal","115","30",8,12
2020-09-28,163.914,970,"Cal","5","30",5,12
2020-09-29,1012.27,970,"Cal","91","30",8,12
2020-09-30,1253.6,970,"Cal","119","30",6,12
2020-10-01,1008.62,970,"Cal","96","30",7,12
2020-10-02,177.735,970,"Cal","5","30",5,12
2020-10-03,177.078,970,"Cal","5","30",7,12
2020-10-04,956.212,970,"Cal","96","30",9,12
2020-10-05,786.822,970,"Cal","76","30",7,12
2020-10-06,980.122,970,"Cal","95","30",10,12
2020-10-07,897.808,970,"Cal","75","30",7,12
2020-10-08,716.139,970,"Cal","78","30",7,12
2020-10-09,1755.24,970,"Cal","140","30",10,12
2020-10-10,1528.33,970,"Cal","81","30",13,12
2020-10-11,175.929,970,"Cal","5","30",5,12
2020-10-12,975.419,970,"Cal","111","30",11,12
2020-10-13,1131.99,970,"Cal","112","30",10,12
2020-10-14,841.757,970,"Cal","70","30",7,12
2020-10-15,928.866,970,"Cal","88","30",9,12
2020-10-16,182.676,970,"Cal","2","30",7,12
2020-10-17,1041.47,970,"Cal","106","30",5,12
2020-10-18,1090.23,970,"Cal","90","30",9,12
2020-10-19,974.843,970,"Cal","113","30",8,12
2020-10-20,1251.72,970,"Cal","132","30",9,12
2020-10-21,1317.86,970,"Cal","117","30",10,12
2020-10-22,819.136,970,"Cal","88","30",10,12
2020-10-23,757.865,970,"Cal","65","30",9,12
2020-10-24,551.554,970,"Cal","33","30",6,12
2020-10-25,1196.28,970,"Cal","125","30",6,12
2020-10-26,915.577,970,"Cal","88","30",9,12
2020-10-27,1138.84,970,"Cal","119","30",7,12
2020-10-28,971.634,970,"Cal","93","30",5,12
2020-10-29,129.514,970,"Cal","1","30",4,12
2020-10-30,103.823,970,"Cal","0","30",2,12
2020-10-31,856.715,970,"Cal","87","30",8,12
2020-11-01,974.563,970,"Cal","110","30",7,12
2020-11-02,968.16,970,"Cal","88","30",7,12
2020-11-03,1048.97,970,"Cal","117","30",9,12
2020-11-04,581.641,970,"Cal","53","30",6,12
2020-11-05,187.759,970,"Cal","8","30",6,12
2020-11-06,230.309,970,"Cal","5","30",9,12
2020-11-07,1201.07,970,"Cal","108","30",9,12
2020-11-08,938.367,970,"Cal","78","30",7,12
2020-11-09,873.595,970,"Cal","95","30",6,12
2020-11-10,148.2,970,"Cal","2","30",5,12
2020-11-11,967.477,970,"Cal","94","30",3,12
2020-11-12,1075.53,970,"Cal","102","30",6,12
2020-11-13,176.299,970,"Cal","1","30",4,12
2020-11-14,1051.93,970,"Cal","95","30",8,12
2020-11-15,156.04,970,"Cal","4","30",6,12
2020-11-16,1250.51,970,"Cal","123","30",10,12
2020-11-17,1018.98,970,"Cal","107","30",8,12
2020-11-18,1165.17,970,"Cal","97","30",8,12
2020-11-19,755.042,970,"Cal","83","30",6,12
2020-11-20,210.348,970,"Cal","12","30",8,12
2020-11-21,1030.01,970,"Cal","86","30",11,12
2020-11-22,1064.77,970,"Cal","107","30",11,12
2020-11-23,745.323,970,"Cal","52","30",7,12
2020-11-24,1068.23,970,"Cal","110","30",6,12
2020-11-25,141.713,970,"Cal","1","30",5,12
2020-11-26,1129.69,970,"Cal","93","30",9,12
2020-11-27,1257.57,970,"Cal","126","30",9,12
2020-11-28,1116.58,970,"Cal","131","30",7,12
2020-11-29,741.283,970,"Cal","80","30",5,12
2020-11-30,811.548,970,"Cal","81","30",7,12
2020-12-01,1027.36,970,"Cal","112","30",7,12
2020-12-02,916.453,970,"Cal","80","30",5,12
2020-12-03,191.216,970,"Cal","7","30",3,12
2020-12-04,768.328,970,"Cal","69","30",8,12
2020-12-05,1556.71,970,"Cal","135","30",11,12
2020-12-06,1167.08,970,"Cal","138","30",4,12
2020-12-07,754.978,970,"Cal","66","30",9,12
2020-12-08,1088.77,970,"Cal","92","30",9,12
2020-12-09,952.71,970,"Cal","80","30",8,12
2020-12-10,138.28,970,"Cal","3","30",2,12
2020-12-11,984.07,970,"Cal","94","30",10,12
2020-12-12,1258.4,970,"Cal","118","30",9,12
2020-12-13,130.833,970,"Cal","1","30",7,12
2020-12-14,903.195,970,"Cal","77","30",9,12
2020-12-15,949.362,970,"Cal","94","30",7,12
2020-12-16,145.288,970,"Cal","0","30",8,12
2020-12-17,992.348,970,"Cal","90","30",6,12
2020-12-18,223.993,970,"Cal","8","30",8,12
2020-12-19,1074.71,970,"Cal","99","30",5,12
2020-12-20,819.32,970,"Cal","82","30",7,12
2020-12-21,1214.47,970,"Cal","119","30",10,12
2020-12-22,193.426,970,"Cal","8","30",6,12
2020-12-23,1218.35,970,"Cal","108","30",8,12
2020-12-24,131.719,970,"Cal","0","30",5,12
2020-12-25,0,970,"Cal","0","30",0,12
2020-12-26,1297.88,970,"Cal","123","30",4,12
2020-12-27,978.452,970,"Cal","115","30",3,12
2020-12-28,809.021,970,"Cal","77","30",9,12
2020-12-29,833.02,970,"Cal","63","30",10,12
2020-12-30,929.8,970,"Cal","80","30",9,12
2020-12-31,159.528,970,"Cal","1","30",5,12
2021-01-01,1145.29,970,"Cal","103","30",4,12
2021-01-02,127.172,970,"Cal","1","30",4,12
2021-01-03,1125.06,970,"Cal","105","30",4,12
2021-01-04,271.465,970,"Cal","9","30",9,12
2021-01-05,824.558,970,"Cal","63","30",8,12
2021-01-06,1094.57,970,"Cal","100","30",5,12
2021-01-07,1068.36,970,"Cal","93","30",8,12
2021-01-08,120.454,970,"Cal","1","30",5,12
2021-01-09,1150.53,970,"Cal","101","30",8,12
2021-01-10,918.928,970,"Cal","109","30",6,12
2021-01-11,1118.43,970,"Cal","108","30",4,12
2021-01-12,1016.76,970,"Cal","106","30",5,12
2021-01-13,977.791,970,"Cal","101","30",6,12
2021-01-14,911.108,970,"Cal","78","30",7,12
2021-01-15,175.498,970,"Cal","0","30",5,12
2021-01-16,1344.85,970,"Cal","135","30",4,12
2021-01-17,147.027,970,"Cal","2","30",6,12
2021-01-18,1026.17,970,"Cal","119","30",6,12
2021-01-19,193.819,970,"Cal","2","30",6,12
2021-01-20,1629.6,970,"Cal","156","30",7,12
2021-01-21,768.894,970,"Cal","87","30",6,12
2021-01-22,244.401,970,"Cal","8","30",9,12
2021-01-23,1593.4,970,"Cal","141","30",8,12
2021-01-24,270.051,970,"Cal","11","30",9,12
2021-01-25,987.607,970,"Cal","93","30",7,12
2021-01-26,993.548,970,"Cal","84","30",8,12
2021-01-27,783.806,970,"Cal","62","30",6,12
2021-01-28,918.324,970,"Cal","75","30",6,12
2021-01-29,94.971,970,"Cal","0","30",3,12
2021-01-30,1338.26,970,"Cal","115","30",9,12
2021-01-31,907.455,970,"Cal","99","30",7,12
2021-02-01,979.418,970,"Cal","87","30",10,12
2021-02-02,1100.58,970,"Cal","103","30",7,12
2021-02-03,1084.67,970,"Cal","127","30",9,12
2021-02-04,893.662,970,"Cal","80","30",11,12
2021-02-05,242.006,970,"Cal","5","30",8,12
2021-02-06,1642.87,970,"Cal","164","30",5,12
2021-02-07,1109.16,970,"Cal","136","30",6,12
2021-02-08,996.983,970,"Cal","104","30",10,12
2021-02-09,1072.88,970,"Cal","102","30",10,12
2021-02-10,898.565,970,"Cal","75","30",7,12
2021-02-11,762.219,970,"Cal","71","30",8,12
2021-02-12,213.884,970,"Cal","8","30",7,12
2021-02-13,1299.87,970,"Cal","122","30",6,12
2021-02-14,1087.95,970,"Cal","118","30",6,12
2021-02-15,962.646,970,"Cal","92","30",9,12
2021-02-16,219.938,970,"Cal","8","30",8,12
2021-02-17,1233.32,970,"Cal","117","30",10,12
2021-02-18,1066.69,970,"Cal","98","30",12,12
2021-02-19,220.267,970,"Cal","1","30",11,12
2021-02-20,1440.9,970,"Cal","126","30",10,12
2021-02-21,189.066,970,"Cal","1","30",8,12
2021-02-22,1022.65,970,"Cal","106","30",9,12
2021-02-23,1055.14,970,"Cal","98","30",9,12
2021-02-24,1066.22,970,"Cal","97","30",9,12
2021-02-25,797.419,970,"Cal","74","30",10,12
2021-02-26,173.469,970,"Cal","0","30",8,12
2021-02-27,1735,970,"Cal","169","30",8,12
2021-02-28,843.124,970,"Cal","92","30",10,12
2021-03-01,1113.3,970,"Cal","103","30",9,12
2021-03-02,1095.95,970,"Cal","117","30",8,12
2021-03-03,1122.12,970,"Cal","114","30",10,12
2021-03-04,1111.91,970,"Cal","111","30",11,12
2021-03-05,236.622,970,"Cal","7","30",8,12
2021-03-06,1463.82,970,"Cal","134","30",10,12
2021-03-07,1127.76,970,"Cal","128","30",8,12
2021-03-08,873.031,970,"Cal","90","30",8,12
2021-03-09,1255.71,970,"Cal","119","30",8,12
2021-03-10,949.995,970,"Cal","91","30",6,12
2021-03-11,818.663,970,"Cal","81","30",6,12
2021-03-12,155.6,970,"Cal","2","30",7,12
2021-03-13,1339.15,970,"Cal","115","30",11,12
2021-03-14,171.681,970,"Cal","2","30",8,12
2021-03-15,1390.1,970,"Cal","150","30",9,12
2021-03-16,1248.32,970,"Cal","115","30",9,12
2021-03-17,141.408,970,"Cal","1","30",4,12
2021-03-18,899.391,970,"Cal","88","30",6,12
2021-03-19,191.691,970,"Cal","7","30",8,12
2021-03-20,999.741,970,"Cal","85","30",8,12
2021-03-21,1148.18,970,"Cal","115","30",13,12
2021-03-22,984.07,970,"Cal","97","30",9,12
2021-03-23,1129.83,970,"Cal","105","30",7,12
2021-03-24,1029.84,970,"Cal","99","30",9,12
2021-03-25,822.134,970,"Cal","77","30",8,12
2021-03-26,234.291,970,"Cal","8","30",6,12
2021-03-27,1842.86,970,"Cal","171","30",8,12
2021-03-28,1048.65,970,"Cal","110","30",7,12
2021-03-29,986.595,970,"Cal","102","30",10,12
2021-03-30,1357.27,970,"Cal","135","30",9,12
2021-03-31,1020.31,970,"Cal","91","30",12,12
2021-04-01,898.435,970,"Cal","92","30",7,12
2021-04-02,143.171,970,"Cal","1","30",5,12
2021-04-03,213.412,970,"Cal","7","30",8,12
2021-04-04,1453.99,970,"Cal","133","30",9,12
2021-04-05,1029.9,970,"Cal","114","30",9,12
2021-04-06,1282.81,970,"Cal","138","30",9,12
2021-04-07,1192.35,970,"Cal","110","30",9,12
2021-04-08,828.308,970,"Cal","85","30",6,12
2021-04-09,882.611,970,"Cal","66","30",10,12
2021-04-10,1306.31,970,"Cal","110","30",12,12
2021-04-11,186.645,970,"Cal","10","30",8,12
2021-04-12,1071.56,970,"Cal","99","30",8,12
2021-04-13,1387.51,970,"Cal","130","30",7,12
2021-04-14,934.074,970,"Cal","83","30",10,12
2021-04-15,1078.04,970,"Cal","123","30",6,12
2021-04-16,212.984,970,"Cal","7","30",9,12
2021-04-17,893.48,970,"Cal","71","30",9,12
2021-04-18,1117.72,970,"Cal","112","30",7,12
2021-04-19,1118.33,970,"Cal","117","30",12,12
2021-04-20,1310.14,970,"Cal","126","30",8,12
2021-04-21,1311.39,970,"Cal","122","30",8,12
2021-04-22,1216.89,970,"Cal","132","30",11,12
2021-04-23,220.595,970,"Cal","10","30",7,12
2021-05-03,0,970,"Cal","0","30",0,12
2021-05-04,150.632,970,"Cal","12","30",2,12
2021-05-08,0,970,"Cal","0","30",0,12
2021-05-09,697.046,970,"Cal","68","30",7,12
2021-05-10,948.592,970,"Cal","101","30",9,12
2021-05-11,1166.48,970,"Cal","103","30",8,12
2021-05-12,973.844,970,"Cal","92","30",7,12
2021-05-13,712.048,970,"Cal","71","30",8,12
2021-05-14,148.843,970,"Cal","4","30",7,12
2021-05-15,1236.72,970,"Cal","116","30",10,12
2021-05-16,897.781,970,"Cal","88","30",10,12
2021-05-17,1021.54,970,"Cal","97","30",12,12
2021-05-18,1339.98,970,"Cal","131","30",11,12
2021-05-19,1296.6,970,"Cal","125","30",11,12
2021-05-20,917.005,970,"Cal","91","30",10,12
2021-05-21,225.129,970,"Cal","7","30",9,12
2021-05-22,1398.7,970,"Cal","132","30",9,12
2021-05-23,1016.28,970,"Cal","122","30",7,12
2021-05-24,804.716,970,"Cal","69","30",11,12
2021-05-25,1037.21,970,"Cal","109","30",10,12
2021-05-26,990.086,970,"Cal","83","30",9,12
2021-05-27,915.018,970,"Cal","81","30",11,12
2021-05-28,214.002,970,"Cal","6","30",8,12
2021-05-29,109.765,970,"Cal","3","30",7,12
2021-05-30,159.857,970,"Cal","1","30",7,12
2021-05-31,1330.69,970,"Cal","133","30",13,12
2021-06-01,1304.24,970,"Cal","128","30",10,12
2021-06-02,1228.98,970,"Cal","110","30",7,12
2021-06-03,992.938,970,"Cal","95","30",12,12
2021-06-04,330.532,970,"Cal","8","30",11,12
2021-06-05,1408.87,970,"Cal","129","30",10,12
2021-06-06,1293.67,970,"Cal","142","30",10,12
2021-06-07,894.635,970,"Cal","80","30",10,12
2021-06-08,1344.21,970,"Cal","129","30",9,12
2021-06-09,221.684,970,"Cal","1","30",10,12
2021-06-10,1285.95,970,"Cal","131","30",9,12
2021-06-11,178.621,970,"Cal","0","30",7,12
2021-06-12,205.126,970,"Cal","3","30",7,12
2021-06-13,1554.74,970,"Cal","147","30",9,12
2021-06-14,1123.53,970,"Cal","113","30",11,12
2021-06-15,1187.26,970,"Cal","119","30",9,12
2021-06-16,1113.28,970,"Cal","104","30",10,12
2021-06-17,1062.45,970,"Cal","102","30",9,12
2021-06-18,150.798,970,"Cal","1","30",3,12
2021-06-19,1417.13,970,"Cal","144","30",6,12
2021-06-20,1124.32,970,"Cal","126","30",7,12
2021-06-21,1110.62,970,"Cal","115","30",9,12
2021-06-22,1139.62,970,"Cal","111","30",8,12
2021-06-23,1205.15,970,"Cal","102","30",9,12
2021-06-24,825.744,970,"Cal","82","30",7,12
2021-06-25,211.14,970,"Cal","8","30",6,12
2021-06-26,1501.52,970,"Cal","141","30",10,12
2021-06-27,6.196,970,"Cal","0","30",0,12
